{"cameraMode":{"drawMode":0,"name":"Shaded","section":"Shading Mode"},"sceneLighting":false,"audioPlay":false,"sceneViewState":{"m_AlwaysRefresh":false,"showFog":false,"showSkybox":false,"showFlares":false,"showImageEffects":false,"showParticleSystems":false,"showVisualEffectGraphs":true,"m_FxEnabled":true},"in2DMode":false,"pivot":{"x":0.0006085243076086044,"y":0.010742365382611752,"z":-0.0007906081154942513},"rotation":{"x":0.08103200793266297,"y":-0.20012953877449037,"z":0.016608403995633127,"w":0.9762869477272034},"size":0.019603103399276735,"orthographic":false}