{"cameraMode":{"drawMode":0,"name":"Shaded","section":"Shading Mode"},"sceneLighting":false,"audioPlay":false,"sceneViewState":{"m_AlwaysRefresh":false,"showFog":false,"showSkybox":false,"showFlares":false,"showImageEffects":false,"showParticleSystems":false,"showVisualEffectGraphs":true,"m_FxEnabled":true},"in2DMode":false,"pivot":{"x":0.007973909378051758,"y":0.08427941799163819,"z":0.45156198740005495},"rotation":{"x":0.08103200793266297,"y":-0.20012953877449037,"z":0.016608403995633127,"w":0.9762869477272034},"size":1.760888695716858,"orthographic":false}